task1-user14-mysql

mysql> SELECT * FROM test WHERE id = 900000;
+--------+------------------------------------------------------------------------------------------------------+----------------------------------------------------------------------------------------------------------------------------------------------------------------------------------------------------------------------------------------------------------------------------------------------------------------------------------------------------------------------------------------------------------------------------------------------------------------------------------------------------------------------+
| id     | name                                                                                                 | descrip                                                                                                                                                                                                                                                                                                                                                                                                                                                                                                              |
+--------+------------------------------------------------------------------------------------------------------+----------------------------------------------------------------------------------------------------------------------------------------------------------------------------------------------------------------------------------------------------------------------------------------------------------------------------------------------------------------------------------------------------------------------------------------------------------------------------------------------------------------------+
| 900000 | cb01564f96f40ae932e894da6b97f294cb01564f96f40ae932e894da6b97f294cb01564f96f40ae932e894da6b97f294abcd | cb01564f96f40ae932e894da6b97f294cb01564f96f40ae932e894da6b97f294cb01564f96f40ae932e894da6b97f294abcdcb01564f96f40ae932e894da6b97f294cb01564f96f40ae932e894da6b97f294cb01564f96f40ae932e894da6b97f294abcdcb01564f96f40ae932e894da6b97f294cb01564f96f40ae932e894da6b97f294cb01564f96f40ae932e894da6b97f294abcdcb01564f96f40ae932e894da6b97f294cb01564f96f40ae932e894da6b97f294cb01564f96f40ae932e894da6b97f294abcdcb01564f96f40ae932e894da6b97f294cb01564f96f40ae932e894da6b97f294cb01564f96f40ae932e894da6b97f294abcd |
+--------+------------------------------------------------------------------------------------------------------+----------------------------------------------------------------------------------------------------------------------------------------------------------------------------------------------------------------------------------------------------------------------------------------------------------------------------------------------------------------------------------------------------------------------------------------------------------------------------------------------------------------------+
1 row in set (17.39 sec)

mysql> SHOW SESSION STATUS LIKE 'Last_query_cost';
+-----------------+---------------+
| Variable_name   | Value         |
+-----------------+---------------+
| Last_query_cost | 228464.599000 |
+-----------------+---------------+
1 row in set (0.02 sec)

mysql> EXPLAIN SELECT * FROM test WHERE id = 900000;
+----+-------------+-------+------------+------+---------------+------+---------+------+--------+----------+-------------+
| id | select_type | table | partitions | type | possible_keys | key  | key_len | ref  | rows   | filtered | Extra       |
+----+-------------+-------+------------+------+---------------+------+---------+------+--------+----------+-------------+
|  1 | SIMPLE      | test  | NULL       | ALL  | NULL          | NULL | NULL    | NULL | 933363 |    10.00 | Using where |
+----+-------------+-------+------------+------+---------------+------+---------+------+--------+----------+-------------+
1 row in set, 1 warning (0.00 sec)




mysql> SELECT * FROM test WHERE name = 'cb01564f96f40ae932e894da6b97f294cb01564f96f40ae932e894da6b97f294cb01564f96f40ae932e894da6b97f294abcd';
+--------+------------------------------------------------------------------------------------------------------+----------------------------------------------------------------------------------------------------------------------------------------------------------------------------------------------------------------------------------------------------------------------------------------------------------------------------------------------------------------------------------------------------------------------------------------------------------------------------------------------------------------------+
| id     | name                                                                                                 | descrip                                                                                                                                                                                                                                                                                                                                                                                                                                                                                                              |
+--------+------------------------------------------------------------------------------------------------------+----------------------------------------------------------------------------------------------------------------------------------------------------------------------------------------------------------------------------------------------------------------------------------------------------------------------------------------------------------------------------------------------------------------------------------------------------------------------------------------------------------------------+
| 900000 | cb01564f96f40ae932e894da6b97f294cb01564f96f40ae932e894da6b97f294cb01564f96f40ae932e894da6b97f294abcd | cb01564f96f40ae932e894da6b97f294cb01564f96f40ae932e894da6b97f294cb01564f96f40ae932e894da6b97f294abcdcb01564f96f40ae932e894da6b97f294cb01564f96f40ae932e894da6b97f294cb01564f96f40ae932e894da6b97f294abcdcb01564f96f40ae932e894da6b97f294cb01564f96f40ae932e894da6b97f294cb01564f96f40ae932e894da6b97f294abcdcb01564f96f40ae932e894da6b97f294cb01564f96f40ae932e894da6b97f294cb01564f96f40ae932e894da6b97f294abcdcb01564f96f40ae932e894da6b97f294cb01564f96f40ae932e894da6b97f294cb01564f96f40ae932e894da6b97f294abcd |
+--------+------------------------------------------------------------------------------------------------------+----------------------------------------------------------------------------------------------------------------------------------------------------------------------------------------------------------------------------------------------------------------------------------------------------------------------------------------------------------------------------------------------------------------------------------------------------------------------------------------------------------------------+
1 row in set (11.96 sec)

mysql> SHOW SESSION STATUS LIKE 'Last_query_cost';
+-----------------+---------------+
| Variable_name   | Value         |
+-----------------+---------------+
| Last_query_cost | 228464.599000 |
+-----------------+---------------+
1 row in set (0.00 sec)

mysql> EXPLAIN SELECT * FROM test WHERE name = 'cb01564f96f40ae932e894da6b97f294cb01564f96f40ae932e894da6b97f294cb01564f96f40ae932e894da6b97f294abcd';
+----+-------------+-------+------------+------+---------------+------+---------+------+--------+----------+-------------+
| id | select_type | table | partitions | type | possible_keys | key  | key_len | ref  | rows   | filtered | Extra       |
+----+-------------+-------+------------+------+---------------+------+---------+------+--------+----------+-------------+
|  1 | SIMPLE      | test  | NULL       | ALL  | NULL          | NULL | NULL    | NULL | 933363 |    10.00 | Using where |
+----+-------------+-------+------------+------+---------------+------+---------+------+--------+----------+-------------+
1 row in set, 1 warning (0.00 sec)




mysql> SELECT * FROM test WHERE descrip = 'cb01564f96f40ae932e894da6b97f294cb01564f96f40ae932e894da6b97f294cb01564f96f40ae932e894da6b97f294abcdcb01564f96f40ae932e894da6b97f294cb01564f96f40ae932e894da6b97f294cb01564f96f40ae932e894da6b97f294abcdcb01564f96f40ae932e894da6b97f294cb01564f96f40ae932e894da6b97f294cb01564f96f40ae932e894da6b97f294abcdcb01564f96f40ae932e894da6b97f294cb01564f96f40ae932e894da6b97f294cb01564f96f40ae932e894da6b97f294abcdcb01564f96f40ae932e894da6b97f294cb01564f96f40ae932e894da6b97f294cb01564f96f40ae932e894da6b97f294abcd';
+--------+------------------------------------------------------------------------------------------------------+----------------------------------------------------------------------------------------------------------------------------------------------------------------------------------------------------------------------------------------------------------------------------------------------------------------------------------------------------------------------------------------------------------------------------------------------------------------------------------------------------------------------+
| id     | name                                                                                                 | descrip                                                                                                                                                                                                                                                                                                                                                                                                                                                                                                              |
+--------+------------------------------------------------------------------------------------------------------+----------------------------------------------------------------------------------------------------------------------------------------------------------------------------------------------------------------------------------------------------------------------------------------------------------------------------------------------------------------------------------------------------------------------------------------------------------------------------------------------------------------------+
| 900000 | cb01564f96f40ae932e894da6b97f294cb01564f96f40ae932e894da6b97f294cb01564f96f40ae932e894da6b97f294abcd | cb01564f96f40ae932e894da6b97f294cb01564f96f40ae932e894da6b97f294cb01564f96f40ae932e894da6b97f294abcdcb01564f96f40ae932e894da6b97f294cb01564f96f40ae932e894da6b97f294cb01564f96f40ae932e894da6b97f294abcdcb01564f96f40ae932e894da6b97f294cb01564f96f40ae932e894da6b97f294cb01564f96f40ae932e894da6b97f294abcdcb01564f96f40ae932e894da6b97f294cb01564f96f40ae932e894da6b97f294cb01564f96f40ae932e894da6b97f294abcdcb01564f96f40ae932e894da6b97f294cb01564f96f40ae932e894da6b97f294cb01564f96f40ae932e894da6b97f294abcd |
+--------+------------------------------------------------------------------------------------------------------+----------------------------------------------------------------------------------------------------------------------------------------------------------------------------------------------------------------------------------------------------------------------------------------------------------------------------------------------------------------------------------------------------------------------------------------------------------------------------------------------------------------------+
1 row in set (9.47 sec)

mysql> SHOW SESSION STATUS LIKE 'Last_query_cost';
+-----------------+---------------+
| Variable_name   | Value         |
+-----------------+---------------+
| Last_query_cost | 228464.599000 |
+-----------------+---------------+
1 row in set (0.00 sec)

mysql> EXPLAIN SELECT * FROM test WHERE descrip = 'cb01564f96f40ae932e894da6b97f294cb01564f96f40ae932e894da6b97f294cb01564f96f40ae932e894da6b97f294abcdcb01564f96f40ae932e894da6b97f294cb01564f96f40ae932e894da6b97f294cb01564f96f40ae932e894da6b97f294abcdcb01564f96f40ae932e894da6b97f294cb01564f96f40ae932e894da6b97f294cb01564f96f40ae932e894da6b97f294abcdcb01564f96f40ae932e894da6b97f294cb01564f96f40ae932e894da6b97f294cb01564f96f40ae932e894da6b97f294abcdcb01564f96f40ae932e894da6b97f294cb01564f96f40ae932e894da6b97f294cb01564f96f40ae932e894da6b97f294abcd';
+----+-------------+-------+------------+------+---------------+------+---------+------+--------+----------+-------------+
| id | select_type | table | partitions | type | possible_keys | key  | key_len | ref  | rows   | filtered | Extra       |
+----+-------------+-------+------------+------+---------------+------+---------+------+--------+----------+-------------+
|  1 | SIMPLE      | test  | NULL       | ALL  | NULL          | NULL | NULL    | NULL | 933363 |    10.00 | Using where |
+----+-------------+-------+------------+------+---------------+------+---------+------+--------+----------+-------------+
1 row in set, 1 warning (0.00 sec)
