task1-user14-mysql

============================== 1 ==============================


mysql> SELECT * FROM test WHERE id = 900000;
+--------+------------------------------------------------------------------------------------------------------+----------------------------------------------------------------------------------------------------------------------------------------------------------------------------------------------------------------------------------------------------------------------------------------------------------------------------------------------------------------------------------------------------------------------------------------------------------------------------------------------------------------------+
| id     | name                                                                                                 | descrip                                                                                                                                                                                                                                                                                                                                                                                                                                                                                                              |
+--------+------------------------------------------------------------------------------------------------------+----------------------------------------------------------------------------------------------------------------------------------------------------------------------------------------------------------------------------------------------------------------------------------------------------------------------------------------------------------------------------------------------------------------------------------------------------------------------------------------------------------------------+
| 900000 | cb01564f96f40ae932e894da6b97f294cb01564f96f40ae932e894da6b97f294cb01564f96f40ae932e894da6b97f294abcd | cb01564f96f40ae932e894da6b97f294cb01564f96f40ae932e894da6b97f294cb01564f96f40ae932e894da6b97f294abcdcb01564f96f40ae932e894da6b97f294cb01564f96f40ae932e894da6b97f294cb01564f96f40ae932e894da6b97f294abcdcb01564f96f40ae932e894da6b97f294cb01564f96f40ae932e894da6b97f294cb01564f96f40ae932e894da6b97f294abcdcb01564f96f40ae932e894da6b97f294cb01564f96f40ae932e894da6b97f294cb01564f96f40ae932e894da6b97f294abcdcb01564f96f40ae932e894da6b97f294cb01564f96f40ae932e894da6b97f294cb01564f96f40ae932e894da6b97f294abcd |
+--------+------------------------------------------------------------------------------------------------------+----------------------------------------------------------------------------------------------------------------------------------------------------------------------------------------------------------------------------------------------------------------------------------------------------------------------------------------------------------------------------------------------------------------------------------------------------------------------------------------------------------------------+
1 row in set (17.39 sec)

mysql> SHOW SESSION STATUS LIKE 'Last_query_cost';
+-----------------+---------------+
| Variable_name   | Value         |
+-----------------+---------------+
| Last_query_cost | 228464.599000 |
+-----------------+---------------+
1 row in set (0.02 sec)

mysql> EXPLAIN SELECT * FROM test WHERE id = 900000;
+----+-------------+-------+------------+------+---------------+------+---------+------+--------+----------+-------------+
| id | select_type | table | partitions | type | possible_keys | key  | key_len | ref  | rows   | filtered | Extra       |
+----+-------------+-------+------------+------+---------------+------+---------+------+--------+----------+-------------+
|  1 | SIMPLE      | test  | NULL       | ALL  | NULL          | NULL | NULL    | NULL | 933363 |    10.00 | Using where |
+----+-------------+-------+------------+------+---------------+------+---------+------+--------+----------+-------------+
1 row in set, 1 warning (0.00 sec)


========== WITH INDEX ==========


mysql> SELECT * FROM test WHERE id = 900000;
+--------+----------------------------------------------------------------------             --------------------------------+-----------------------------------------------             --------------------------------------------------------------------------------             --------------------------------------------------------------------------------             --------------------------------------------------------------------------------             --------------------------------------------------------------------------------             --------------------------------------------------------------------------------             -------------------------------------------------------+
| id     | name                                                                                                              | descrip                                                                                                                                                                                                                                                                                                                                                                                                                                                                                                                                                                                            |
+--------+----------------------------------------------------------------------             --------------------------------+-----------------------------------------------             --------------------------------------------------------------------------------             --------------------------------------------------------------------------------             --------------------------------------------------------------------------------             --------------------------------------------------------------------------------             --------------------------------------------------------------------------------             -------------------------------------------------------+
| 900000 | cb01564f96f40ae932e894da6b97f294cb01564f96f40ae932e894da6b97f294cb015             64f96f40ae932e894da6b97f294abcd | cb01564f96f40ae932e894da6b97f294cb01564f96f40a             e932e894da6b97f294cb01564f96f40ae932e894da6b97f294abcdcb01564f96f40ae932e894da6b             97f294cb01564f96f40ae932e894da6b97f294cb01564f96f40ae932e894da6b97f294abcdcb0156             4f96f40ae932e894da6b97f294cb01564f96f40ae932e894da6b97f294cb01564f96f40ae932e894             da6b97f294abcdcb01564f96f40ae932e894da6b97f294cb01564f96f40ae932e894da6b97f294cb             01564f96f40ae932e894da6b97f294abcdcb01564f96f40ae932e894da6b97f294cb01564f96f40a             e932e894da6b97f294cb01564f96f40ae932e894da6b97f294abcd |
+--------+----------------------------------------------------------------------             --------------------------------+-----------------------------------------------             --------------------------------------------------------------------------------             --------------------------------------------------------------------------------             --------------------------------------------------------------------------------             --------------------------------------------------------------------------------             --------------------------------------------------------------------------------             -------------------------------------------------------+
1 row in set (0.10 sec)

mysql> SHOW SESSION STATUS LIKE 'Last_query_cost';
+-----------------+----------+
| Variable_name   | Value    |
+-----------------+----------+
| Last_query_cost | 1.199000 |
+-----------------+----------+
1 row in set (0.00 sec)

EXPLAIN SELECT * FROM test WHERE id = 900000;
+----+-------------+-------+------------+------+---------------+----------+---------+-------+------+----------+-------+
| id | select_type | table | partitions | type | possible_keys | key      | key_len | ref   | rows | filtered | Extra |
+----+-------------+-------+------------+------+---------------+----------+---------+-------+------+----------+-------+
|  1 | SIMPLE      | test  | NULL       | ref  | index_id      | index_id | 4       | const |    1 |   100.00 | NULL  |
+----+-------------+-------+------------+------+---------------+----------+---------+-------+------+----------+-------+
1 row in set, 1 warning (0.00 sec)


============================== 2 ==============================


mysql> SELECT * FROM test WHERE name = 'cb01564f96f40ae932e894da6b97f294cb01564f96f40ae932e894da6b97f294cb01564f96f40ae932e894da6b97f294abcd';
+--------+------------------------------------------------------------------------------------------------------+----------------------------------------------------------------------------------------------------------------------------------------------------------------------------------------------------------------------------------------------------------------------------------------------------------------------------------------------------------------------------------------------------------------------------------------------------------------------------------------------------------------------+
| id     | name                                                                                                 | descrip                                                                                                                                                                                                                                                                                                                                                                                                                                                                                                              |
+--------+------------------------------------------------------------------------------------------------------+----------------------------------------------------------------------------------------------------------------------------------------------------------------------------------------------------------------------------------------------------------------------------------------------------------------------------------------------------------------------------------------------------------------------------------------------------------------------------------------------------------------------+
| 900000 | cb01564f96f40ae932e894da6b97f294cb01564f96f40ae932e894da6b97f294cb01564f96f40ae932e894da6b97f294abcd | cb01564f96f40ae932e894da6b97f294cb01564f96f40ae932e894da6b97f294cb01564f96f40ae932e894da6b97f294abcdcb01564f96f40ae932e894da6b97f294cb01564f96f40ae932e894da6b97f294cb01564f96f40ae932e894da6b97f294abcdcb01564f96f40ae932e894da6b97f294cb01564f96f40ae932e894da6b97f294cb01564f96f40ae932e894da6b97f294abcdcb01564f96f40ae932e894da6b97f294cb01564f96f40ae932e894da6b97f294cb01564f96f40ae932e894da6b97f294abcdcb01564f96f40ae932e894da6b97f294cb01564f96f40ae932e894da6b97f294cb01564f96f40ae932e894da6b97f294abcd |
+--------+------------------------------------------------------------------------------------------------------+----------------------------------------------------------------------------------------------------------------------------------------------------------------------------------------------------------------------------------------------------------------------------------------------------------------------------------------------------------------------------------------------------------------------------------------------------------------------------------------------------------------------+
1 row in set (11.96 sec)

mysql> SHOW SESSION STATUS LIKE 'Last_query_cost';
+-----------------+---------------+
| Variable_name   | Value         |
+-----------------+---------------+
| Last_query_cost | 228464.599000 |
+-----------------+---------------+
1 row in set (0.00 sec)

mysql> EXPLAIN SELECT * FROM test WHERE name = 'cb01564f96f40ae932e894da6b97f294cb01564f96f40ae932e894da6b97f294cb01564f96f40ae932e894da6b97f294abcd';
+----+-------------+-------+------------+------+---------------+------+---------+------+--------+----------+-------------+
| id | select_type | table | partitions | type | possible_keys | key  | key_len | ref  | rows   | filtered | Extra       |
+----+-------------+-------+------------+------+---------------+------+---------+------+--------+----------+-------------+
|  1 | SIMPLE      | test  | NULL       | ALL  | NULL          | NULL | NULL    | NULL | 933363 |    10.00 | Using where |
+----+-------------+-------+------------+------+---------------+------+---------+------+--------+----------+-------------+
1 row in set, 1 warning (0.00 sec)


========== WITH INDEX ==========


mysql> SELECT * FROM test WHERE name = 'cb01564f96f40ae932e894da6b97f294cb01564f96f40ae932e894da6b97f294cb01564f96f40ae932e894da6b97f294abcd';
+--------+------------------------------------------------------------------------------------------------------+----------------------------------------------------------------------------------------------------------------------------------------------------------------------------------------------------------------------------------------------------------------------------------------------------------------------------------------------------------------------------------------------------------------------------------------------------------------------------------------------------------------------+
| id     | name                                                                                                 | descrip                                                                                                                                                                                                                                                                                                                                                                                                                                                                                                              |
+--------+------------------------------------------------------------------------------------------------------+----------------------------------------------------------------------------------------------------------------------------------------------------------------------------------------------------------------------------------------------------------------------------------------------------------------------------------------------------------------------------------------------------------------------------------------------------------------------------------------------------------------------+
| 900000 | cb01564f96f40ae932e894da6b97f294cb01564f96f40ae932e894da6b97f294cb01564f96f40ae932e894da6b97f294abcd | cb01564f96f40ae932e894da6b97f294cb01564f96f40ae932e894da6b97f294cb01564f96f40ae932e894da6b97f294abcdcb01564f96f40ae932e894da6b97f294cb01564f96f40ae932e894da6b97f294cb01564f96f40ae932e894da6b97f294abcdcb01564f96f40ae932e894da6b97f294cb01564f96f40ae932e894da6b97f294cb01564f96f40ae932e894da6b97f294abcdcb01564f96f40ae932e894da6b97f294cb01564f96f40ae932e894da6b97f294cb01564f96f40ae932e894da6b97f294abcdcb01564f96f40ae932e894da6b97f294cb01564f96f40ae932e894da6b97f294cb01564f96f40ae932e894da6b97f294abcd |
+--------+------------------------------------------------------------------------------------------------------+----------------------------------------------------------------------------------------------------------------------------------------------------------------------------------------------------------------------------------------------------------------------------------------------------------------------------------------------------------------------------------------------------------------------------------------------------------------------------------------------------------------------+
1 row in set (0.01 sec)

mysql> SHOW SESSION STATUS LIKE 'Last_query_cost';
+-----------------+----------+
| Variable_name   | Value    |
+-----------------+----------+
| Last_query_cost | 1.199000 |
+-----------------+----------+
1 row in set (0.01 sec)

mysql> EXPLAIN SELECT * FROM test WHERE name = 'cb01564f96f40ae932e894da6b97f294cb01564f96f40ae932e894da6b97f294cb01564f96f40ae932e894da6b97f294abcd';
+----+-------------+-------+------------+------+---------------+------------+---------+-------+------+----------+-------+
| id | select_type | table | partitions | type | possible_keys | key        | key_len | ref   | rows | filtered | Extra |
+----+-------------+-------+------------+------+---------------+------------+---------+-------+------+----------+-------+
|  1 | SIMPLE      | test  | NULL       | ref  | index_name    | index_name | 257     | const |    1 |   100.00 | NULL  |
+----+-------------+-------+------------+------+---------------+------------+---------+-------+------+----------+-------+
1 row in set, 1 warning (0.00 sec)


============================== 3 ==============================


mysql> SELECT * FROM test WHERE descrip = 'cb01564f96f40ae932e894da6b97f294cb01564f96f40ae932e894da6b97f294cb01564f96f40ae932e894da6b97f294abcdcb01564f96f40ae932e894da6b97f294cb01564f96f40ae932e894da6b97f294cb01564f96f40ae932e894da6b97f294abcdcb01564f96f40ae932e894da6b97f294cb01564f96f40ae932e894da6b97f294cb01564f96f40ae932e894da6b97f294abcdcb01564f96f40ae932e894da6b97f294cb01564f96f40ae932e894da6b97f294cb01564f96f40ae932e894da6b97f294abcdcb01564f96f40ae932e894da6b97f294cb01564f96f40ae932e894da6b97f294cb01564f96f40ae932e894da6b97f294abcd';
+--------+------------------------------------------------------------------------------------------------------+----------------------------------------------------------------------------------------------------------------------------------------------------------------------------------------------------------------------------------------------------------------------------------------------------------------------------------------------------------------------------------------------------------------------------------------------------------------------------------------------------------------------+
| id     | name                                                                                                 | descrip                                                                                                                                                                                                                                                                                                                                                                                                                                                                                                              |
+--------+------------------------------------------------------------------------------------------------------+----------------------------------------------------------------------------------------------------------------------------------------------------------------------------------------------------------------------------------------------------------------------------------------------------------------------------------------------------------------------------------------------------------------------------------------------------------------------------------------------------------------------+
| 900000 | cb01564f96f40ae932e894da6b97f294cb01564f96f40ae932e894da6b97f294cb01564f96f40ae932e894da6b97f294abcd | cb01564f96f40ae932e894da6b97f294cb01564f96f40ae932e894da6b97f294cb01564f96f40ae932e894da6b97f294abcdcb01564f96f40ae932e894da6b97f294cb01564f96f40ae932e894da6b97f294cb01564f96f40ae932e894da6b97f294abcdcb01564f96f40ae932e894da6b97f294cb01564f96f40ae932e894da6b97f294cb01564f96f40ae932e894da6b97f294abcdcb01564f96f40ae932e894da6b97f294cb01564f96f40ae932e894da6b97f294cb01564f96f40ae932e894da6b97f294abcdcb01564f96f40ae932e894da6b97f294cb01564f96f40ae932e894da6b97f294cb01564f96f40ae932e894da6b97f294abcd |
+--------+------------------------------------------------------------------------------------------------------+----------------------------------------------------------------------------------------------------------------------------------------------------------------------------------------------------------------------------------------------------------------------------------------------------------------------------------------------------------------------------------------------------------------------------------------------------------------------------------------------------------------------+
1 row in set (9.47 sec)

mysql> SHOW SESSION STATUS LIKE 'Last_query_cost';
+-----------------+---------------+
| Variable_name   | Value         |
+-----------------+---------------+
| Last_query_cost | 228464.599000 |
+-----------------+---------------+
1 row in set (0.00 sec)

mysql> EXPLAIN SELECT * FROM test WHERE descrip = 'cb01564f96f40ae932e894da6b97f294cb01564f96f40ae932e894da6b97f294cb01564f96f40ae932e894da6b97f294abcdcb01564f96f40ae932e894da6b97f294cb01564f96f40ae932e894da6b97f294cb01564f96f40ae932e894da6b97f294abcdcb01564f96f40ae932e894da6b97f294cb01564f96f40ae932e894da6b97f294cb01564f96f40ae932e894da6b97f294abcdcb01564f96f40ae932e894da6b97f294cb01564f96f40ae932e894da6b97f294cb01564f96f40ae932e894da6b97f294abcdcb01564f96f40ae932e894da6b97f294cb01564f96f40ae932e894da6b97f294cb01564f96f40ae932e894da6b97f294abcd';
+----+-------------+-------+------------+------+---------------+------+---------+------+--------+----------+-------------+
| id | select_type | table | partitions | type | possible_keys | key  | key_len | ref  | rows   | filtered | Extra       |
+----+-------------+-------+------------+------+---------------+------+---------+------+--------+----------+-------------+
|  1 | SIMPLE      | test  | NULL       | ALL  | NULL          | NULL | NULL    | NULL | 933363 |    10.00 | Using where |
+----+-------------+-------+------------+------+---------------+------+---------+------+--------+----------+-------------+
1 row in set, 1 warning (0.00 sec)


========== WITH INDEX ==========


mysql> SELECT * FROM test WHERE descrip = 'cb01564f96f40ae932e894da6b97f294cb01564f96f40ae932e894da6b97f294cb01564f96f40ae932e894da6b97f294abcdcb01564f96f40ae932e894da6b97f294cb01564f96f40ae932e894da6b97f294cb01564f96f40ae932e894da6b97f294abcdcb01564f96f40ae932e894da6b97f294cb01564f96f40ae932e894da6b97f294cb01564f96f40ae932e894da6b97f294abcdcb01564f96f40ae932e894da6b97f294cb01564f96f40ae932e894da6b97f294cb01564f96f40ae932e894da6b97f294abcdcb01564f96f40ae932e894da6b97f294cb01564f96f40ae932e894da6b97f294cb01564f96f40ae932e894da6b97f294abcd';
+--------+------------------------------------------------------------------------------------------------------+----------------------------------------------------------------------------------------------------------------------------------------------------------------------------------------------------------------------------------------------------------------------------------------------------------------------------------------------------------------------------------------------------------------------------------------------------------------------------------------------------------------------+
| id     | name                                                                                                 | descrip                                                                                                                                                                                                                                                                                                                                                                                                                                                                                                              |
+--------+------------------------------------------------------------------------------------------------------+----------------------------------------------------------------------------------------------------------------------------------------------------------------------------------------------------------------------------------------------------------------------------------------------------------------------------------------------------------------------------------------------------------------------------------------------------------------------------------------------------------------------+
| 900000 | cb01564f96f40ae932e894da6b97f294cb01564f96f40ae932e894da6b97f294cb01564f96f40ae932e894da6b97f294abcd | cb01564f96f40ae932e894da6b97f294cb01564f96f40ae932e894da6b97f294cb01564f96f40ae932e894da6b97f294abcdcb01564f96f40ae932e894da6b97f294cb01564f96f40ae932e894da6b97f294cb01564f96f40ae932e894da6b97f294abcdcb01564f96f40ae932e894da6b97f294cb01564f96f40ae932e894da6b97f294cb01564f96f40ae932e894da6b97f294abcdcb01564f96f40ae932e894da6b97f294cb01564f96f40ae932e894da6b97f294cb01564f96f40ae932e894da6b97f294abcdcb01564f96f40ae932e894da6b97f294cb01564f96f40ae932e894da6b97f294cb01564f96f40ae932e894da6b97f294abcd |
+--------+------------------------------------------------------------------------------------------------------+----------------------------------------------------------------------------------------------------------------------------------------------------------------------------------------------------------------------------------------------------------------------------------------------------------------------------------------------------------------------------------------------------------------------------------------------------------------------------------------------------------------------+
1 row in set (0.00 sec)

mysql> SHOW SESSION STATUS LIKE 'Last_query_cost';
+-----------------+----------+
| Variable_name   | Value    |
+-----------------+----------+
| Last_query_cost | 1.199000 |
+-----------------+----------+
1 row in set (0.00 sec)

mysql> EXPLAIN SELECT * FROM test WHERE descrip = 'cb01564f96f40ae932e894da6b97f294cb01564f96f40ae932e894da6b97f294cb01564f96f40ae932e894da6b97f294abcdcb01564f96f40ae932e894da6b97f294cb01564f96f40ae932e894da6b97f294cb01564f96f40ae932e894da6b97f294abcdcb01564f96f40ae932e894da6b97f294cb01564f96f40ae932e894da6b97f294cb01564f96f40ae932e894da6b97f294abcdcb01564f96f40ae932e894da6b97f294cb01564f96f40ae932e894da6b97f294cb01564f96f40ae932e894da6b97f294abcdcb01564f96f40ae932e894da6b97f294cb01564f96f40ae932e894da6b97f294cb01564f96f40ae932e894da6b97f294abcd';
+----+-------------+-------+------------+------+---------------+---------------+---------+-------+------+----------+-------------+
| id | select_type | table | partitions | type | possible_keys | key           | key_len | ref   | rows | filtered | Extra       |
+----+-------------+-------+------------+------+---------------+---------------+---------+-------+------+----------+-------------+
|  1 | SIMPLE      | test  | NULL       | ref  | index_descrip | index_descrip | 34      | const |    1 |   100.00 | Using where |
+----+-------------+-------+------------+------+---------------+---------------+---------+-------+------+----------+-------------+
1 row in set, 1 warning (0.00 sec)